,T_Max,T_Avg,T_Min,D_Max,D_Avg,D_Min,H_Max,H_Avg,H_Min,W_Max,W_Avg,W_Min,P_Max,P_Avg,P_Min,Rain,HOLS
1/1/2019 0:00,50,44,37,25,20.9,14,60,40.8,30,23,10.4,0,26.2,26.1,26.1,0,0
1/2/2019 0:00,50,44.3,37,32,22.5,18,66,43.5,28,7,2.6,0,26.2,26.1,26.1,0,0
1/3/2019 0:00,46,38.8,34,37,33.9,30,93,83.3,66,18,6.7,0,26.1,26,26,0.61,0.2
1/4/2019 0:00,52,41,34,32,27.8,21,87,62,30,16,3,0,26.2,26.1,26.1,0,1
1/5/2019 0:00,52,42.2,32,34,28.6,21,81,60.4,33,7,3.5,0,26.2,26.1,26.1,0,0
1/6/2019 0:00,48,42.7,39,34,30.8,27,81,63.7,46,9,4.5,0,26.1,26,25.9,0.01,0
1/7/2019 0:00,54,46.1,37,32,21.6,10,75,40.8,24,30,11.3,0,26.1,25.9,25.9,0,0
1/8/2019 0:00,52,43,34,25,20.1,7,56,42,16,12,3.3,0,26.1,26.1,26,0,0
1/9/2019 0:00,54,45.6,41,27,23,12,53,41.3,28,23,7.7,0,26,26,25.9,0.01,0
1/10/2019 0:00,45,39.1,34,18,11.5,3,48,33.5,20,28,15.1,0,26.2,26.1,26,0,0.2
1/11/2019 0:00,45,38.8,32,21,17.4,14,64,43.2,31,9,4,0,26.2,26.2,26.1,0,1
1/12/2019 0:00,45,36.5,32,21,19.3,18,64,51.4,36,9,3.6,0,26.2,26.1,26.1,0,0
1/13/2019 0:00,43,37.3,32,34,23.9,18,81,59.7,36,9,4.5,0,26.1,26,25.9,0,0
1/14/2019 0:00,46,40.1,32,36,31.9,27,87,73.3,57,12,5.2,0,26,25.9,25.9,0.4,0
1/15/2019 0:00,57,48.3,39,36,23.6,14,81,41.8,20,18,9,0,26.1,26,25.9,0.01,0
1/16/2019 0:00,59,49.8,39,39,29,12,76,48.9,21,16,8.3,0,26.1,25.9,25.8,0.01,0
1/17/2019 0:00,50,42.4,32,43,34.8,27,93,75,61,39,14.3,0,25.9,25.7,25.6,13,0.2
1/18/2019 0:00,45,36.1,28,28,22.1,9,87,60.1,25,30,14.8,5,26,25.9,25.9,0,1
1/19/2019 0:00,41,34.5,28,23,18.7,14,75,53.1,38,14,4.8,0,26,26,25.9,0,0
1/20/2019 0:00,45,35.9,28,23,19.5,14,74,53.4,29,7,2.6,0,26.2,26.1,26,0,0
1/21/2019 0:00,45,37.6,30,21,17.7,14,56,45.3,34,9,3.4,0,26.2,26.1,26,0,0
1/22/2019 0:00,50,40.2,32,25,18.9,14,65,44.8,24,18,5.3,0,26,26,25.9,0,0
1/23/2019 0:00,48,42,32,25,22.6,19,70,47.5,32,9,4.5,0,26.2,26.1,26,0,0
1/24/2019 0:00,50,41.6,34,23,20.1,18,60,43.5,30,9,3.4,0,26.2,26.1,26.1,0,0.2
1/25/2019 0:00,54,44.9,36,32,24.9,19,65,46.6,30,18,7.5,0,26.1,26.1,26,0,1
1/26/2019 0:00,57,49,43,30,24.9,18,61,40.9,21,18,6.5,0,26.1,26.1,26.1,0,0
1/27/2019 0:00,59,53.8,43,41,29.7,23,67,41.2,27,12,5.6,0,26.1,26.1,26.1,0.01,0
1/28/2019 0:00,55,50.6,46,45,42,34,87,72.6,50,14,7.7,0,26.1,25.9,25.8,7.41,0
1/29/2019 0:00,55,47.1,39,43,33.7,23,87,61.8,33,39,15.1,0,26,25.9,25.8,4.4,0
1/30/2019 0:00,54,46.5,36,34,28.8,25,81,52.2,33,12,4.5,0,26.1,26.1,26,0,0
1/31/2019 0:00,57,50.5,41,30,27,25,61,41.1,29,16,4.8,0,26.1,26,26,0,0.2
2/1/2019 0:00,55,48.5,41,27,19.8,12,57,33.8,18,28,10.9,0,26.1,26,26,0,1
2/2/2019 0:00,55,48.9,43,28,21.9,16,53,35.6,21,14,7.2,0,26,26,25.9,0,0
2/3/2019 0:00,48,40.6,32,36,30.5,23,76,67.6,50,21,8.5,5,26.1,26,25.9,0.03,0
2/4/2019 0:00,46,40.1,32,27,22.7,16,75,51.8,31,16,10.2,0,26.3,26.2,26.1,0,0
2/5/2019 0:00,46,38.8,32,23,18.7,14,69,45.4,29,12,4.8,0,26.4,26.4,26.3,0,0
2/6/2019 0:00,50,40,0,19,15.1,0,52,36.5,0,12,3.4,0,26.4,26.3,26.2,0,0
2/7/2019 0:00,52,45.4,34,21,18.4,12,56,35.4,24,9,3.8,0,26.2,26.1,26.1,0,0.2
2/8/2019 0:00,54,48,41,25,20.4,16,53,34.6,24,9,2.7,0,26.1,26.1,26,0,1
2/9/2019 0:00,54,47.9,41,39,31.4,18,93,56.2,28,9,4.3,0,26.1,26,26,0.21,1
2/10/2019 0:00,55,47.2,39,39,30.7,18,93,57.5,24,21,7.5,0,26,26,25.9,1,0.3
2/11/2019 0:00,45,40.7,36,39,36.3,32,87,84.7,81,14,6.3,0,26,25.9,25.9,14.2,1
2/12/2019 0:00,52,43.2,36,32,27.6,21,87,55.9,33,23,10.5,0,26.1,26,25.9,0.01,0
2/13/2019 0:00,52,44,36,25,19.4,7,60,39.5,16,14,3.1,0,26.1,26.1,26.1,0,0
2/14/2019 0:00,55,46.8,37,27,22.4,18,52,38.8,28,7,3.9,0,26.1,26.1,26,0,0.2
2/15/2019 0:00,55,50.9,45,37,30.1,21,62,45.7,30,12,6.3,0,26.1,26,25.8,0.41,1
2/16/2019 0:00,52,46.1,39,37,25.6,18,87,47.1,28,35,16.5,0,25.9,25.9,25.8,2.01,0
2/17/2019 0:00,48,40.5,34,25,20.8,16,60,46.8,27,25,15.7,0,25.9,25.9,25.9,0,0
2/18/2019 0:00,50,41.3,32,25,18.9,10,69,43.3,22,18,9.3,0,25.9,25.8,25.7,0,0
2/19/2019 0:00,50,41.4,32,25,21.5,18,64,46.6,30,21,11.7,5,26,25.8,25.7,0,0
2/20/2019 0:00,48,41.3,30,23,19.1,14,69,42.7,27,12,6.1,0,26.2,26.1,26,0,0
2/21/2019 0:00,50,43,34,21,18.3,16,56,37.9,28,12,4.3,0,26.2,26.1,26.1,0,0.2
2/22/2019 0:00,52,45.3,37,21,18.1,14,52,34.6,24,14,5.7,0,26.1,26.1,26,0,1
2/23/2019 0:00,55,48.5,39,21,19.3,16,49,32.6,21,18,6.8,0,26.1,26.1,26.1,0,0
2/24/2019 0:00,57,50.8,41,28,21.2,16,50,32.3,22,12,6.1,0,26.1,26.1,26.1,0,0
2/25/2019 0:00,55,46.3,39,32,23,10,66,43.5,19,21,6.9,0,26.1,26,26,0.01,0
2/26/2019 0:00,57,47.5,39,30,20.7,9,65,38.2,15,18,6,0,26,25.9,25.8,0,0
2/27/2019 0:00,52,47,41,36,30.3,14,71,53.9,22,16,9.3,0,25.8,25.7,25.6,0.2,0
2/28/2019 0:00,54,48.5,43,36,30.7,23,71,51.8,30,23,6.8,0,25.7,25.7,25.6,0.8,0.2
3/1/2019 0:00,52,44.7,37,30,25.8,21,65,49.1,30,25,12.6,0,25.7,25.6,25.5,0,1
3/2/2019 0:00,54,45.9,37,27,21.4,18,65,39.6,26,23,14.1,5,25.9,25.8,25.7,0,0
3/3/2019 0:00,57,49.1,39,21,19,18,45,31.2,23,21,9.6,0,25.9,25.9,25.8,0,0
3/4/2019 0:00,57,52.2,41,28,18.8,12,53,27.8,17,14,6.9,0,26,25.9,25.9,0,0
3/5/2019 0:00,59,50.8,41,28,21.6,16,61,33.3,20,12,5.3,0,26,26,25.9,0,0
3/6/2019 0:00,59,51.5,45,23,20.8,19,39,30.6,22,14,5.7,0,26.1,26,25.9,0,0
3/7/2019 0:00,59,53.6,48,25,17.9,14,37,25.1,18,12,5.8,0,26,25.9,25.9,0,0.2
3/8/2019 0:00,57,50,43,34,26.7,18,66,42,28,23,11.2,0,26.1,26,25.9,0.01,1
3/9/2019 0:00,54,43.4,37,37,32.6,25,93,68.5,35,21,9.5,0,26.2,26.1,26.1,0.01,0
3/10/2019 0:00,54,46.2,37,36,26.6,21,87,50,28,12,4.8,0,26.1,26.1,26,0,0
3/11/2019 0:00,59,50.7,41,30,22.9,14,49,35.3,20,18,7.7,0,26,26,25.9,0,0
3/12/2019 0:00,61,54.9,43,25,18.5,7,49,26,12,12,6,0,26.1,26.1,26,0,0
3/13/2019 0:00,66,56.8,46,25,20.9,10,43,26.1,11,18,4.2,0,26.1,26,26,0,0
3/14/2019 0:00,66,59,50,27,22.6,14,40,25.3,14,23,6.6,0,26,25.9,25.9,0,0.2
3/15/2019 0:00,59,48.8,41,43,35.7,25,87,63.2,31,35,10,0,25.9,25.9,25.9,9.6,1
3/16/2019 0:00,63,55.4,41,34,25.5,21,76,32.6,20,25,13.8,0,26,25.9,25.9,0,0
3/17/2019 0:00,59,46.2,41,41,33.6,25,87,65.2,29,23,12.7,0,25.9,25.7,25.6,10,0
3/18/2019 0:00,59,46.8,37,36,30,19,81,55.4,23,28,17.4,7,25.9,25.8,25.6,3,0
3/19/2019 0:00,59,49.2,36,32,26.6,19,81,45,23,14,6.8,0,26,26,25.9,0,0
3/20/2019 0:00,54,48.2,41,36,24.3,9,66,41.7,19,14,7.9,0,26,26,25.9,0.01,0.2
3/21/2019 0:00,54,44.6,36,28,25.7,19,75,49.4,26,21,9.7,0,26,26,26,0,2
3/22/2019 0:00,57,48,34,28,21.2,12,75,38.8,18,9,4.6,0,26.1,26,26,0,2
3/23/2019 0:00,59,54.2,45,27,22,18,46,29.2,21,18,6,0,26.1,26,25.9,0,1.5
3/24/2019 0:00,61,56.9,50,43,28.8,21,76,35.8,23,12,8.3,5,26,25.9,25.8,2.01,1.5
3/25/2019 0:00,57,51.4,48,46,43.5,34,87,74.7,41,16,7.4,0,25.9,25.8,25.8,13.01,0.7
3/26/2019 0:00,54,49.2,45,48,43.2,32,88,79.9,54,12,5.4,0,25.9,25.9,25.8,23,0.7
3/27/2019 0:00,57,51.1,45,37,32.1,28,76,49.9,33,23,10.5,0,26,26,25.9,0.01,0.7
3/28/2019 0:00,59,51.2,45,41,32.8,25,81,51.8,29,18,11,0,26.1,26,26,2,0.7
3/29/2019 0:00,59,54.1,43,37,32.2,25,76,45,27,16,7.6,0,26.1,26.1,26,0.01,1
3/30/2019 0:00,63,58.1,52,36,32.7,28,54,39,30,14,4.6,0,26.1,26,26,0.01,0.7
3/31/2019 0:00,64,57.5,52,46,37.2,28,82,50,26,18,8,0,26.1,26,26,10.81,0.7
4/1/2019 0:00,63,54.9,50,52,47.1,30,88,76.6,47,46,8.9,0,25.9,25.8,25.7,34,2
4/2/2019 0:00,61,54.5,46,34,27.8,23,62,36.7,27,16,8.7,0,26,25.9,25.8,0,2
4/3/2019 0:00,64,56.1,48,32,23.4,14,54,30.1,16,16,7.4,0,26,26,26,0,1.5
4/4/2019 0:00,66,58.1,48,37,30.1,25,54,35.4,24,14,5.5,0,26.1,26.1,26,0,0.2
4/5/2019 0:00,70,64.3,50,37,30.5,25,54,29.5,20,16,5.3,0,26.1,26.1,26,0,1
4/6/2019 0:00,70,60.7,55,48,42,34,77,52.3,31,28,8.6,0,26.1,26,26,1.2,0
4/7/2019 0:00,66,57.7,54,50,46.4,41,88,66.9,42,16,5.6,0,26,26,25.9,3.2,0
4/8/2019 0:00,68,60.3,54,48,40.8,28,77,52,23,25,11.4,0,25.9,25.9,25.8,0.01,0
4/9/2019 0:00,70,63.4,52,90,34.6,25,67,34.6,0,21,10.9,5,25.9,25.9,25.9,0,0
4/10/2019 0:00,72,63.4,54,41,30.9,23,58,31,17,18,7.5,0,26,26,25.9,0.01,0
4/11/2019 0:00,75,65.4,57,46,31.6,25,63,30.1,16,21,7.4,0,26,26,25.9,0,0.2
4/12/2019 0:00,72,61.1,52,46,40.7,36,82,50.1,27,21,8.1,0,26,25.9,25.9,3.41,1
4/13/2019 0:00,70,62.6,50,45,36.8,27,76,41.6,20,25,13.1,0,26,25.9,25.9,0,0
4/14/2019 0:00,72,60.1,48,39,25.9,7,71,30.9,11,21,8.3,0,26,25.9,25.9,0,0
4/15/2019 0:00,77,65.3,50,30,24.6,12,41,23.5,9,32,10.7,0,26,25.9,25.9,0,0
4/16/2019 0:00,73,65.5,57,36,31,21,39,28.4,14,12,6.1,0,26,26,25.9,0,0
4/17/2019 0:00,77,71.2,59,34,29.2,23,39,21.9,15,12,7,0,25.9,25.9,25.8,0,0
4/18/2019 0:00,70,63.4,57,46,33.1,23,67,35.2,18,14,7.1,0,26,25.9,25.9,0.01,0.2
4/19/2019 0:00,68,57.9,50,48,42.7,36,88,60.4,30,14,5.7,0,26,25.9,25.8,13,1
4/20/2019 0:00,70,59.3,48,43,28.2,14,62,34.3,12,30,10.8,0,25.9,25.9,25.8,0.01,0.3
4/21/2019 0:00,68,60.6,46,37,23.7,12,57,27.3,14,12,6,0,25.9,25.9,25.8,0,1
4/22/2019 0:00,63,54.5,43,43,32.6,23,66,44.7,25,30,11.5,0,25.9,25.8,25.8,0.81,0
4/23/2019 0:00,57,47.2,37,30,26.9,21,65,47.4,29,28,16.1,5,26.1,26,25.9,0,0
4/24/2019 0:00,57,47.7,36,27,22.5,18,70,39.9,21,14,8,5,26.2,26.2,26.1,0,0
4/25/2019 0:00,59,52.9,41,27,22.9,19,57,31.9,23,12,6.8,0,26.2,26.2,26.1,0,0.2
4/26/2019 0:00,63,54.4,45,28,24.2,19,46,31.5,20,12,5.2,0,26.2,26.1,26.1,0,1
4/27/2019 0:00,66,58.6,48,28,21.7,18,37,24.9,17,14,4.6,0,26.2,26.1,26.1,0,0
4/28/2019 0:00,68,62.8,55,30,22.6,16,36,22.3,13,12,7.1,0,26.1,26,26,0,0
4/29/2019 0:00,73,66.3,55,34,29.2,25,41,26,18,23,10,0,26.1,26,25.9,0,0
4/30/2019 0:00,72,65.2,61,50,36.3,28,63,35.2,26,28,7.6,0,26.1,26,26,0.01,0
5/1/2019 0:00,75,66.7,54,37,29.8,21,51,27.4,13,12,4.9,0,26.1,26,26,0,0
5/2/2019 0:00,81,72.4,61,37,32.8,27,37,24.2,14,16,5.6,0,26,26,25.9,0,0.2
5/3/2019 0:00,82,75.5,66,39,34.1,27,35,23,13,25,11.5,0,26,26,25.9,0,1
5/4/2019 0:00,82,71,63,52,41.1,32,68,36.6,16,30,11.7,0,26.1,26,25.9,1,0
5/5/2019 0:00,81,72.9,64,43,35,25,45,26.4,15,21,6.9,0,26.1,26,26,0.2,0
5/6/2019 0:00,84,75.9,63,32,25.5,19,32,16.4,9,18,9.2,0,26.1,26,26,0,0
5/7/2019 0:00,84,76.4,64,36,30.2,25,32,19,12,23,10.3,0,26,25.9,25.9,0,0
5/8/2019 0:00,84,74.1,64,41,33.9,25,42,24.5,12,23,10,5,26,25.9,25.9,0,0
5/9/2019 0:00,86,74.3,64,52,39,27,64,32.2,12,28,11.2,0,26.1,26,25.9,0,0.2
5/10/2019 0:00,82,70.7,64,52,40.8,27,60,36.5,13,46,11.2,0,26.1,25.9,25.9,1.6,1
5/11/2019 0:00,82,74.9,63,45,26.6,16,46,19.6,9,18,9.6,0,26,26,25.9,0.01,0
5/12/2019 0:00,86,77,63,32,26.6,19,30,16.5,9,12,7,0,26.1,26,26,0,0
5/13/2019 0:00,88,78.5,64,43,31.2,23,38,19.7,10,23,8.4,0,26.1,26,26,0,0
5/14/2019 0:00,86,77.8,68,41,35.6,28,37,22.7,14,18,8.2,0,26.1,26,25.9,0,0
5/15/2019 0:00,86,76.4,63,45,35.6,18,52,25.6,9,25,11.1,0,26.1,26,25.9,0,0
5/16/2019 0:00,86,76.1,63,43,28.9,14,48,20.2,7,21,10.2,0,26,26,25.9,0,0.2
5/17/2019 0:00,86,75,64,46,34.1,25,49,25.8,12,25,10.8,0,26,25.9,25.9,0,1
5/18/2019 0:00,88,75.8,63,45,29.2,7,49,22,5,18,8.9,5,26,25.9,25.9,0,0
5/19/2019 0:00,88,79,68,46,32.4,27,46,19.7,12,35,11.2,0,26,26,25.9,0,0
5/20/2019 0:00,86,76.8,68,46,37.8,30,43,25.5,13,25,11.9,0,26,25.9,25.9,0,0
5/21/2019 0:00,84,73.2,59,52,38.6,28,77,32.9,13,23,8.9,0,26.1,26,25.9,0,0
5/22/2019 0:00,77,67.6,59,50,43,37,72,43.5,24,14,7.6,0,26.1,26,26,3,0
5/23/2019 0:00,84,74.1,61,45,39.9,32,55,31,15,14,6,0,26.1,26,25.9,0,0.2
5/24/2019 0:00,90,80.5,68,43,36.2,25,40,21.4,10,28,9.2,0,26.1,26,25.9,0,1
5/25/2019 0:00,93,79.3,72,52,38.9,28,50,25.3,10,39,8.9,0,26.1,26.1,26,0.4,0
5/26/2019 0:00,93,82.4,72,41,33.6,23,33,18.8,8,37,10.7,0,26.1,26,26,0.9,0
5/27/2019 0:00,93,86.1,72,41,31.3,27,33,15,10,18,7.5,0,26.1,26,25.9,0,1
5/28/2019 0:00,91,78.4,66,50,36.7,19,56,29.9,8,16,9.5,5,26,26,25.9,0,0
5/29/2019 0:00,90,76.2,64,50,42,30,56,33.1,12,21,11.2,0,26,26,25.9,0,0
5/30/2019 0:00,84,74.1,64,48,41.1,30,56,32.3,14,21,11.2,0,26.1,26,25.9,0.01,0.2
5/31/2019 0:00,81,71.8,63,43,37.4,28,42,30,15,23,10.5,5,26.1,26,25.9,0,1
6/1/2019 0:00,82,74.2,61,45,39.5,32,55,30.1,17,16,8.9,0,26.1,26,26,0,0
6/2/2019 0:00,84,75.8,66,43,36.4,28,43,25.1,13,12,6.9,0,26.1,26.1,26.1,0,0
6/3/2019 0:00,88,79,70,37,32.4,28,28,18.9,12,12,5.8,0,26.1,26.1,26,0,0
6/4/2019 0:00,91,83.6,72,39,31.8,28,27,16.1,11,14,7.6,0,26.1,26,26,0,1.5
6/5/2019 0:00,93,85.1,73,45,35.1,27,32,18,10,12,5.6,0,26.1,26,26,0,1.5
6/6/2019 0:00,97,86.5,75,45,36.3,28,32,18,10,12,4.8,0,26.1,26,26,0,1.5
6/7/2019 0:00,97,90.5,82,43,33.9,30,21,13.9,10,12,6.8,0,26.1,26,26,0,1.5
6/8/2019 0:00,99,90.2,81,45,37.5,30,26,16.5,9,23,8.5,0,26.1,26,25.9,1,0.1
6/9/2019 0:00,97,85.9,72,46,38.4,30,41,20.8,10,28,12.7,5,26.1,26,25.9,0,0.1
6/10/2019 0:00,91,82.5,70,48,44.9,37,40,27.6,17,12,5.4,0,26.1,26,26,0,0.1
6/11/2019 0:00,91,83.4,73,46,43.5,39,38,25,17,21,6.8,0,26.1,26,25.9,0,0.1
6/12/2019 0:00,93,86,77,45,34.3,28,32,16.6,11,12,6.7,0,26,25.9,25.9,0,0.1
6/13/2019 0:00,97,86.3,75,45,30.5,23,30,14.6,8,14,6,0,25.9,25.8,25.8,0,0.2
6/14/2019 0:00,95,83.7,73,46,35.4,21,38,20,7,12,7.6,0,25.9,25.9,25.9,0,1
6/15/2019 0:00,93,84.8,73,48,35.6,27,41,18.8,10,18,6.1,0,26,25.9,25.9,0,0.1
6/16/2019 0:00,97,89.2,77,41,30.9,23,26,13.3,8,14,5.8,0,26,25.9,25.9,0,0.1
6/17/2019 0:00,99,89.1,79,39,28.1,19,23,11.7,6,14,5.5,0,25.9,25.9,25.8,0,0.1
6/18/2019 0:00,97,88,77,41,33.9,28,24,15.2,9,16,7.1,0,25.9,25.9,25.8,0,0.1
6/19/2019 0:00,97,86.3,75,45,38.9,30,34,20,11,12,6,0,25.9,25.8,25.7,0,0.1
6/20/2019 0:00,97,88.5,73,43,36.6,30,33,16.9,10,16,9,0,25.9,25.8,25.7,0,0.2
6/21/2019 0:00,100,87.3,73,48,37.7,25,41,20.2,7,16,9.4,0,25.9,25.8,25.7,0,1
6/22/2019 0:00,97,85.4,72,48,43.2,36,43,25.2,12,12,7.3,0,25.9,25.9,25.9,0,0.1
6/23/2019 0:00,100,91.4,79,48,39.9,30,32,17.6,9,12,5.6,0,26,25.9,25.9,0,0.1
6/24/2019 0:00,100,94.7,81,45,33.9,28,28,12.3,9,16,7.5,0,26,26,25.9,0,0.1
6/25/2019 0:00,102,93.9,82,41,31.1,25,23,11.4,7,12,5.4,0,26,25.9,25.9,0,0.1
6/26/2019 0:00,100,90.9,81,45,35.6,28,24,15.2,8,12,6.3,0,26,25.9,25.9,0,0.1
6/27/2019 0:00,97,89.5,77,43,35.7,28,26,15.6,10,14,6.7,0,26,25.9,25.8,0,0.2
6/28/2019 0:00,99,89.3,77,46,37,28,32,17.1,9,14,6.7,0,25.8,25.8,25.7,0,1
6/29/2019 0:00,100,92,81,45,36.4,30,25,14.7,10,14,6.6,0,25.8,25.7,25.7,0,1
6/30/2019 0:00,104,94.1,82,52,36.7,32,27,14.2,9,12,6.2,0,25.7,25.7,25.7,0,0.1
7/1/2019 0:00,99,84.3,64,55,48.4,39,59,31.9,13,23,13.7,5,25.9,25.8,25.7,0,0.1
7/2/2019 0:00,91,80.6,64,50,47.2,45,56,32.8,21,16,10.3,0,26,25.9,25.9,0,0.1
7/3/2019 0:00,93,85.4,72,50,45.7,41,46,26,17,14,6.5,0,26,25.9,25.9,0,0.1
7/4/2019 0:00,100,89.5,79,52,43.3,34,39,21.8,10,12,6.6,0,25.9,25.9,25.8,0,0.2
7/5/2019 0:00,100,91,77,45,40,34,30,17.8,11,12,6.6,0,25.9,25.8,25.7,0,1
7/6/2019 0:00,100,90.6,75,45,39.1,34,34,17.6,10,16,8.9,0,25.8,25.8,25.7,0,0.1
7/7/2019 0:00,102,86.9,73,50,44.2,32,44,25.1,9,16,9.6,0,25.8,25.8,25.7,0,0.1
7/8/2019 0:00,99,86,72,50,43.2,34,46,24.8,10,12,7.4,0,25.9,25.8,25.7,0,0.1
7/9/2019 0:00,99,87.6,75,50,43.8,37,38,23.8,13,16,10,5,25.7,25.7,25.6,0,0.1
7/10/2019 0:00,93,85.1,73,54,47.8,45,47,28.4,19,21,12.3,0,25.8,25.7,25.7,0,0.1
7/11/2019 0:00,97,89.1,72,54,44.7,39,53,23.2,14,14,6.9,0,25.8,25.8,25.7,0,0.2
7/12/2019 0:00,104,93.7,82,48,38.6,32,27,15.6,9,14,6.7,0,25.8,25.7,25.7,0,1
7/13/2019 0:00,102,94.3,84,54,38.2,28,33,15.3,7,16,7.6,0,25.8,25.7,25.7,0,0.1
7/14/2019 0:00,104,94.3,81,54,41.1,30,39,17.6,9,16,7.7,5,25.8,25.7,25.7,0,0.1
7/15/2019 0:00,104,94.4,81,54,41.6,34,39,18.1,9,18,9.5,0,25.8,25.8,25.7,0,0.1
7/16/2019 0:00,106,99,93,39,35,32,15,10.9,8,23,12.9,5,25.8,25.8,25.7,0,0.1
7/17/2019 0:00,106,99.9,91,37,33.3,30,14,9.9,7,23,13.5,5,25.8,25.8,25.7,0,0.1
7/18/2019 0:00,104,97.8,86,46,32.3,27,22,10.7,7,18,8.4,0,25.9,25.8,25.8,0,0.2
7/19/2019 0:00,104,94.5,86,39,31.9,23,19,11.5,7,16,6.7,0,25.9,25.9,25.8,0,1
7/20/2019 0:00,104,94.5,82,48,35.5,27,28,13.8,7,14,6.3,0,26,25.9,25.9,0,0.1
7/21/2019 0:00,102,94.5,84,48,40.1,34,28,16,10,16,7.3,0,26.1,26,25.9,0,0.1
7/22/2019 0:00,102,96,88,48,39.5,36,24,14.4,11,21,8.9,0,26,25.9,25.9,0,0.1
7/23/2019 0:00,100,92.7,84,45,37.2,28,25,14.8,10,12,6.8,0,25.9,25.9,25.8,0,0.1
7/24/2019 0:00,100,91.1,81,39,32.3,25,21,13.2,7,14,5.6,0,25.9,25.9,25.8,0,0.1
7/25/2019 0:00,102,94.5,84,41,32,21,22,11.9,6,12,6.1,0,25.9,25.8,25.8,0,0.2
7/26/2019 0:00,102,95.5,84,48,35.7,30,24,12.6,9,14,7.3,0,25.9,25.8,25.7,0,1
7/27/2019 0:00,100,92.8,77,48,33.4,28,36,13.5,8,16,10.5,0,25.8,25.7,25.7,0,0.1
7/28/2019 0:00,102,91.2,77,52,37,28,39,17.2,7,16,8.8,0,25.7,25.7,25.6,0,0.1
7/29/2019 0:00,99,88.1,75,50,41.4,27,41,22.1,8,14,8.3,0,25.9,25.8,25.7,0,0.1
7/30/2019 0:00,100,91.1,77,52,34.8,21,41,15.8,6,16,7.3,0,25.9,25.8,25.8,0,0.1
7/31/2019 0:00,104,93.9,79,46,34.3,27,32,13.6,7,18,7.8,0,25.9,25.8,25.7,0,0.1
8/1/2019 0:00,104,94.6,84,41,33.9,28,22,12.6,7,12,6.2,0,25.9,25.8,25.7,0,0.2
8/2/2019 0:00,102,94.9,82,43,32.9,27,25,12,7,21,10.1,0,25.8,25.8,25.7,0,1
8/3/2019 0:00,104,91.3,77,55,41.3,27,42,21.6,7,18,10.1,5,25.7,25.7,25.6,0,0.1
8/4/2019 0:00,100,90.3,75,50,41.4,27,41,20.1,10,14,8.3,0,25.8,25.7,25.6,0,0.1
8/5/2019 0:00,104,92.7,75,55,40.8,34,50,19.4,9,14,7.4,0,25.7,25.7,25.6,0,0.1
8/6/2019 0:00,99,85.1,73,57,51.9,45,57,34.3,16,14,10.3,5,25.9,25.8,25.7,0,0.1
8/7/2019 0:00,99,87,72,54,49.8,45,50,29.2,18,14,6.9,0,25.9,25.9,25.9,0,0.1
8/8/2019 0:00,100,89.3,79,52,45.4,39,37,23.2,13,14,6.2,0,25.9,25.9,25.8,0,0.2
8/9/2019 0:00,97,88.9,79,50,42.3,36,36,20.9,12,14,7.2,0,25.9,25.9,25.8,0,1
8/10/2019 0:00,99,90.8,82,50,42.1,37,28,19.1,13,12,6.2,0,25.9,25.8,25.8,0,0.1
8/11/2019 0:00,100,88.5,73,55,43.5,28,50,24,9,21,9,0,25.9,25.9,25.8,0,0.1
8/12/2019 0:00,93,84.2,72,54,48.2,45,53,30.3,19,12,6.4,0,26,25.9,25.9,0,1
8/13/2019 0:00,91,83.8,75,54,49.3,46,44,30.9,21,14,6.5,0,26,26,25.9,0,0.1
8/14/2019 0:00,90,82,72,54,46.2,37,53,29.4,20,14,7.1,0,26.1,26,26,0,0.1
8/15/2019 0:00,93,84.2,73,48,37.7,32,36,19.8,13,12,5.5,0,26.1,26,25.9,0,0.2
8/16/2019 0:00,95,85.4,75,45,33.8,27,34,16.9,9,14,5.8,0,26,25.9,25.9,0,1
8/17/2019 0:00,97,86.2,75,39,28.1,19,25,13.6,7,12,6.9,0,25.9,25.9,25.9,0,0.1
8/18/2019 0:00,95,87.8,77,39,27.5,19,23,12.4,7,14,7.4,0,25.9,25.9,25.9,0,0.1
8/19/2019 0:00,97,88.6,77,43,27.5,18,25,11.8,7,12,6,0,26,26,26,0,0.1
8/20/2019 0:00,95,86.4,75,41,31.7,27,28,15.3,9,14,5.8,0,26.1,26,26,0,1
8/21/2019 0:00,93,84.8,75,45,36.8,30,30,18.9,11,12,6.7,0,26.1,26,26,0,0.2
8/22/2019 0:00,93,84.8,75,45,35.3,30,29,17.8,11,12,5.9,0,26.1,26,25.9,0,0.2
8/23/2019 0:00,93,85,73,45,36.7,30,33,19.2,11,16,6.6,0,26.1,26,26,0,1
8/24/2019 0:00,95,85.7,75,43,33.6,27,27,16.6,10,14,6.4,0,26.1,26,26,0,0.1
8/25/2019 0:00,97,87.3,75,39,32.4,27,27,14.8,8,14,7.3,0,26,26,25.9,0,0.1
8/26/2019 0:00,95,86.2,75,45,33,27,32,16.1,9,12,6,0,26.1,26,26,0,0.1
8/27/2019 0:00,93,85.1,75,43,34.8,28,28,17.5,10,12,6.6,0,26.1,26,26,0,0.1
8/28/2019 0:00,97,85.8,73,52,36.1,25,44,20.6,8,18,8,0,26,26,25.9,0,0.1
8/29/2019 0:00,93,83.1,73,52,42.7,32,47,26.3,12,12,8.3,0,26.1,26,25.9,0,0.2
8/30/2019 0:00,91,82.9,72,54,44.9,39,53,27.8,16,12,7.3,0,26.1,26,25.9,0,1
8/31/2019 0:00,90,84.7,75,48,39.1,34,38,20.9,14,12,7.2,0,26,25.9,25.9,0,0.1
9/1/2019 0:00,90,81.3,72,52,43.7,37,50,27.9,17,14,6.6,0,25.9,25.9,25.9,0,0.1
9/2/2019 0:00,90,82.5,72,48,41.8,36,43,24.8,15,14,6.3,0,26,25.9,25.9,0,0.1
9/3/2019 0:00,93,81.9,68,54,39,18,60,26.3,7,23,12.4,5,25.9,25.9,25.8,0,0.1
9/4/2019 0:00,88,79.6,68,52,43.4,39,56,29.3,18,12,6.8,0,26,25.9,25.9,0,0.1
9/5/2019 0:00,90,81.3,72,48,40.2,34,41,24.5,15,12,5.9,0,26,25.9,25.9,0,0.2
9/6/2019 0:00,91,80.6,72,46,39.6,32,36,24.5,13,14,5.9,0,26,25.9,25.9,0,1
9/7/2019 0:00,91,84.2,72,52,38,32,50,21.3,12,16,6.9,0,25.9,25.9,25.8,0,0.1
9/8/2019 0:00,88,77.3,63,52,44.3,37,59,33.8,18,18,11.3,5,25.9,25.9,25.8,0,0.1
9/9/2019 0:00,84,72.5,61,50,44.7,39,63,39.2,23,14,7.3,0,26,26,25.9,0,2
9/10/2019 0:00,82,73.7,64,46,43.6,41,52,35.4,23,12,6.6,0,26.1,26,25.9,0,2
9/11/2019 0:00,82,75.5,66,46,40.9,36,49,29.9,19,12,6.7,0,26.1,26,26,0,0.3
9/12/2019 0:00,82,73.9,63,46,42.4,36,52,34.2,20,14,8,0,26.1,26,26,0,0.3
9/13/2019 0:00,82,71.5,61,46,42.9,28,59,37.5,20,12,7.8,0,26.1,26,26,0,1
9/14/2019 0:00,81,73.8,64,48,43.2,39,52,34.8,23,12,5.8,0,26.1,26.1,26.1,0,0.1
9/15/2019 0:00,84,77.3,68,46,42.1,37,43,29.2,19,12,5.7,0,26.1,26.1,26.1,0,0.1
9/16/2019 0:00,90,81,70,48,37.8,30,46,22.7,13,12,6.2,0,26.2,26.1,26.1,0,0.1
9/17/2019 0:00,91,82.1,72,45,37.7,30,33,21.6,12,12,5.2,0,26.1,26,26,0,0.1
9/18/2019 0:00,97,85.2,75,43,35,27,29,18.1,9,12,5.7,0,26.1,26,26,0,0.1
9/19/2019 0:00,97,85.4,73,43,33.1,23,33,16.8,9,12,5.2,0,26.1,26,26,0,0.2
9/20/2019 0:00,95,86,73,43,32.6,27,29,15.5,10,12,5.8,0,26.1,26,25.9,0,1
9/21/2019 0:00,97,86.3,75,41,32.1,23,27,15.6,7,18,6.8,0,26,25.9,25.9,0,0
9/22/2019 0:00,93,78.7,68,48,43,34,40,29.3,12,21,11.1,0,26,25.9,25.9,0,0
9/23/2019 0:00,90,79.5,68,46,42.4,34,46,27.9,14,12,5.8,0,26.1,26,25.9,0,-1
9/24/2019 0:00,93,83.3,70,45,30.9,21,38,16.4,8,12,5.4,0,26.1,26,25.9,0,0
9/25/2019 0:00,90,77.7,68,27,16.1,0,20,10.8,4,16,7,0,26,26,26,0,0
9/26/2019 0:00,95,80.9,68,41,26.5,9,28,14.8,6,23,8.1,0,26.1,26,26,0,0.2
9/27/2019 0:00,95,85,73,36,24.7,12,24,11.7,7,14,7.6,0,26.1,26,26,0,1
9/28/2019 0:00,113,83.3,72,28,20.1,14,18,10,5,28,13.8,0,26,26,25.9,0,0
9/29/2019 0:00,90,79.2,68,50,39.8,27,43,26.4,11,16,8,0,26,26,25.9,0.01,0
9/30/2019 0:00,90,79.8,68,46,31.7,10,46,21.4,5,21,9.2,0,26,26,25.9,0,0
10/1/2019 0:00,84,75.5,66,45,35.6,28,46,24.4,14,12,5.9,0,26.1,26,25.9,0,0
10/2/2019 0:00,86,77,66,37,30.6,25,35,19.3,11,23,9.9,0,26.1,26,26,0,0
10/3/2019 0:00,84,74,64,43,34,23,37,24.4,11,12,5.1,0,26.1,26,26,0,0.2
10/4/2019 0:00,84,74.3,63,46,34.9,19,55,27.1,10,14,6.2,0,26,26,25.9,0.01,1
10/5/2019 0:00,79,70.4,63,43,33.4,28,48,26.3,17,12,5.4,0,26.1,26,25.9,0,0
10/6/2019 0:00,79,70.7,59,32,24.7,19,32,19,11,12,5.1,0,26,25.9,25.9,0,0
10/7/2019 0:00,82,74,61,34,26.2,21,32,17.8,10,28,12,0,26.1,26,25.9,0,0
10/8/2019 0:00,84,74.9,64,37,30.2,25,33,20.3,13,23,8.3,0,26.2,26.2,26.1,0,0
10/9/2019 0:00,86,76.3,66,37,29.4,21,35,19.1,10,25,9.2,0,26.2,26.1,26.1,0,0
10/10/2019 0:00,81,73,63,43,30.2,16,43,22.4,9,12,5.3,0,26.2,26.2,26.1,0,0.2
10/11/2019 0:00,81,72.8,64,39,33,27,40,24.4,14,9,3.8,0,26.2,26.1,26.1,0,1
10/12/2019 0:00,84,72.9,63,48,36.6,28,59,30.1,13,14,5.7,0,26.1,26.1,26.1,0,0
10/13/2019 0:00,75,66.6,59,48,44.5,41,63,45.7,29,21,9.3,0,26.3,26.2,26.1,0.01,0
10/14/2019 0:00,73,67.8,63,43,39.3,37,48,36,29,12,5,0,26.4,26.3,26.3,0,0
10/15/2019 0:00,75,68.2,61,41,37.4,34,48,33.4,23,12,5.1,0,26.3,26.2,26.2,0,0
10/16/2019 0:00,79,70.4,59,39,32.8,25,45,26.3,14,12,5.9,0,26.2,26.2,26.1,0,0
10/17/2019 0:00,79,70.1,59,36,29.3,23,42,23.4,13,12,4.9,0,26.2,26.2,26.1,0,0.2
10/18/2019 0:00,79,69.4,61,34,25.6,19,36,20.7,12,12,4.6,0,26.2,26.1,26.1,0,1
10/19/2019 0:00,79,68.8,61,34,27.1,19,32,22.4,12,9,4.1,0,26.1,26.1,26.1,0,1
10/20/2019 0:00,72,66.3,59,46,33.4,19,63,32.3,14,23,7.5,0,26.1,26.1,26.1,0.01,0
10/21/2019 0:00,73,65.2,55,46,40.9,36,67,43,27,9,5.5,0,26.2,26.1,26.1,0.01,0
10/22/2019 0:00,64,58.5,54,50,46.1,39,88,65.8,40,12,5.7,0,26.2,26.2,26.1,2.21,0
10/23/2019 0:00,64,57.7,52,54,50.2,46,94,77,52,18,5.2,0,26.2,26.1,26.1,9.01,0
10/24/2019 0:00,68,59.8,54,54,49,45,88,69,43,9,4.6,0,26.2,26.1,26.1,6,0.2
10/25/2019 0:00,61,57.4,55,54,51.9,50,94,81.4,68,9,4.4,0,26.2,26.1,26.1,7,1
10/26/2019 0:00,61,56.5,52,54,48.2,45,94,75.1,59,14,4.3,0,26.1,26.1,26.1,19.02,0.3
10/27/2019 0:00,63,58.6,52,50,48.2,46,88,69.4,55,9,3.5,0,26.1,26.1,26.1,0,1
10/28/2019 0:00,63,56.8,52,52,48,45,88,73.5,52,18,5.9,0,26.1,26.1,26,21.02,0.3
10/29/2019 0:00,66,59.3,54,50,46,39,82,63.2,37,16,4.8,0,26.1,26,25.9,0,1
10/30/2019 0:00,68,59,50,46,43.1,37,82,57.3,33,21,6.7,0,26.1,26,25.9,0.61,0.2
10/31/2019 0:00,66,59.8,50,45,41.5,37,76,52.3,35,9,5.5,0,26.1,26,26,0,0.2
11/1/2019 0:00,64,58.7,54,45,44,41,72,58.1,42,9,4.1,0,26.1,26,26,0,1
11/2/2019 0:00,66,59.4,52,45,40.9,37,72,51.3,35,9,4.5,0,26.1,26,26,0,0
11/3/2019 0:00,68,59.6,52,43,39.7,36,67,49.6,30,25,11.1,0,26.2,26.1,26.1,0.01,0
11/4/2019 0:00,63,55.6,50,41,39,36,71,55.4,39,9,4,0,26.3,26.2,26.2,0,0
11/5/2019 0:00,64,56.5,50,39,37.2,34,62,49.7,34,9,4.1,0,26.3,26.2,26.1,0,0
11/6/2019 0:00,63,55.5,50,39,36,34,62,49.1,34,7,4.3,0,26.2,26.2,26.1,0,1
11/7/2019 0:00,63,56.1,48,37,34.4,30,62,44.7,32,12,4.8,0,26.2,26.1,26.1,0,0.3
11/8/2019 0:00,63,55.9,48,37,31.7,27,62,41.5,27,12,4.5,0,26.2,26.2,26.1,0,1
11/9/2019 0:00,64,56,48,34,25.8,21,57,32.4,19,16,6.7,0,26.2,26.2,26.2,0,0
11/10/2019 0:00,63,56.6,48,30,24,19,47,29.6,19,9,4.3,0,26.3,26.3,26.2,0,0
11/11/2019 0:00,63,54.6,39,28,24.2,19,65,32.7,19,9,3.9,0,26.3,26.2,26.2,0,0
11/12/2019 0:00,66,53.4,45,30,23.6,12,53,33.4,12,7,2.8,0,26.3,26.2,26.1,0,0
11/13/2019 0:00,66,55.6,46,27,19.2,12,46,26.1,12,7,3.6,0,26.2,26.2,26.1,0,0
11/14/2019 0:00,61,51.5,43,36,27.1,16,76,42.5,19,12,4.9,0,26.2,26.1,26.1,0,0.2
11/15/2019 0:00,59,48,39,36,28.9,12,70,50.1,19,25,10.9,0,26.2,26.1,26.1,0,1
11/16/2019 0:00,39,35.7,34,34,31.4,28,93,85,70,18,7.5,0,26.3,26.2,26.1,3,0
11/17/2019 0:00,46,40.6,34,32,26,21,87,57.4,39,9,5.9,0,26.3,26.3,26.2,0,0
11/18/2019 0:00,41,37.7,34,37,34.9,32,93,88.9,81,7,4.5,0,26.2,26.2,26.1,4.01,0
11/19/2019 0:00,48,41.8,34,36,34.7,32,93,76,57,14,7,0,26.1,26.1,26.1,3.8,0
11/20/2019 0:00,43,39.2,36,37,35.1,32,93,84.7,70,12,6.4,0,26.1,26.1,26,15,0
11/21/2019 0:00,54,43.1,36,36,32.1,27,87,67.2,35,12,4.8,0,26.2,26.1,26.1,0,0.2
11/22/2019 0:00,48,41.8,37,37,35.4,30,87,77.8,62,9,4.4,0,26.2,26.2,26.1,0,1
11/23/2019 0:00,48,41.5,36,34,31.3,30,87,67.8,50,12,4.9,0,26.3,26.2,26.2,0,0
11/24/2019 0:00,46,41.2,37,34,31.9,28,81,69.8,50,12,5.8,0,26.3,26.3,26.2,0,0
11/25/2019 0:00,46,41.7,37,34,30.9,27,81,66.5,46,9,4.8,0,26.3,26.2,26.2,0,0
11/26/2019 0:00,50,42.1,36,34,32,30,81,68.2,47,9,4,0,26.2,26.2,26.1,0,0
11/27/2019 0:00,50,43.9,36,36,34.9,30,81,70.6,54,9,3.6,0,26.2,26.2,26.1,0,0
11/28/2019 0:00,52,46.7,39,39,37.2,36,87,70.2,58,12,3.7,0,26.2,26.1,26.1,0,0.2
11/29/2019 0:00,57,49.7,45,41,39.7,37,81,69.4,48,12,4.2,0,26.2,26.1,26.1,0.01,1
11/30/2019 0:00,59,52.6,45,41,35,30,81,53.7,34,23,8.1,0,26.1,26.1,26,0,0
12/1/2019 0:00,61,50.8,43,37,33.9,30,71,53.9,31,7,2.9,0,26.1,26.1,26.1,0,0
12/2/2019 0:00,55,50.6,45,43,37.5,27,82,61.6,46,12,6.3,0,26.1,26,26,0.4,0
12/3/2019 0:00,52,47,45,43,39.7,36,87,76.1,58,12,5.4,0,26.1,26,26,10,0
12/4/2019 0:00,54,47.3,39,41,34.9,28,93,63.8,47,16,6.8,0,26.1,26,26,5,0
12/5/2019 0:00,54,47.1,41,36,33.5,30,70,59.5,41,9,3.3,0,26.2,26.1,26.1,0,0.2
12/6/2019 0:00,54,49.6,43,36,32.6,27,70,52.8,38,12,4.6,0,26.3,26.2,26.1,0,1
12/7/2019 0:00,50,49,48,41,37.3,34,76,64.3,54,12,6,0,26.2,26.1,26,0.21,0
12/8/2019 0:00,52,44.9,39,39,36.5,28,87,73.2,54,16,6.2,0,26,25.9,25.9,7.8,0
12/9/2019 0:00,50,44.8,39,34,27.5,25,81,51.1,40,25,11.5,0,26.1,26,25.9,0,0
12/10/2019 0:00,52,45.2,37,30,26.6,21,70,49.6,30,12,4.2,0,26.1,26.1,26,0,0
12/11/2019 0:00,54,44.4,37,36,31.3,23,75,60.7,35,21,9.7,0,26,26,25.9,0.01,0
12/12/2019 0:00,50,43.1,36,30,27.7,25,70,55.3,40,9,3.4,0,26.1,26.1,26,0,0.2
12/13/2019 0:00,45,42.2,37,36,33,30,87,70.2,57,12,4.6,0,26.1,26.1,26,0,1
12/14/2019 0:00,52,44.5,37,37,34.5,30,81,68.2,54,9,4.3,0,26.1,26.1,26.1,0,0
12/15/2019 0:00,52,45.3,39,37,34.9,28,81,67.3,54,9,4,0,26.1,26.1,26.1,0,0
12/16/2019 0:00,52,47.1,41,39,35.4,27,81,64,50,12,4.7,0,26.1,26.1,26.1,0,0
12/17/2019 0:00,48,43.4,37,39,36.3,34,87,76.4,62,14,7.3,0,26.3,26.2,26.1,1.02,0
12/18/2019 0:00,50,43.5,37,34,30.7,23,87,61.8,43,18,6.9,0,26.3,26.3,26.3,0,0
12/19/2019 0:00,52,44.5,37,30,26.4,21,65,50.1,33,16,3.9,0,26.4,26.3,26.2,0,0.2
12/20/2019 0:00,57,46.2,37,28,26.4,21,65,48,26,9,3.8,0,26.3,26.2,26.1,0,1
12/21/2019 0:00,55,45.6,37,32,28.9,25,66,53.6,33,7,2.8,0,26.3,26.2,26.2,0,0
12/22/2019 0:00,54,45.1,39,34,29.3,25,66,55.3,38,7,4,0,26.2,26.1,26.1,0,0
12/23/2019 0:00,59,46.7,37,32,26.9,19,75,49,22,9,2.3,0,26.1,26.1,26,0,0
12/24/2019 0:00,55,46.4,39,32,28.1,23,70,50.7,33,7,3.3,0,26.2,26.1,26.1,0,0
12/25/2019 0:00,55,45.7,37,30,28.3,21,75,52.7,31,7,2.6,0,26.1,26.1,26.1,0,0
12/26/2019 0:00,54,46.1,37,30,25.1,21,75,45.1,28,9,3.8,0,26.1,26,25.9,0,0.2
12/27/2019 0:00,57,49.6,43,37,29.6,23,81,47.8,33,21,4.9,0,26,25.9,25.9,0,1
12/28/2019 0:00,54,47.4,43,36,28.4,21,76,49,37,18,10.1,0,26.1,26,25.9,2.01,0
12/29/2019 0:00,54,46.4,39,27,21.9,18,61,38.9,24,23,8,0,26.1,26.1,26.1,0,0
12/30/2019 0:00,54,46.8,39,27,21.3,18,53,37.6,26,16,6.3,0,26.2,26.1,26.1,0,0
12/31/2019 0:00,48,43,37,36,31.3,27,87,64.5,46,14,6.2,0,26.1,26,25.9,0.21,0
